facility_id,facility_name,facility_location
1,NAPROXEN SODIUM,181 Carberry Lane
2,Blatrol Bladder Relief,54 Clove Circle
3,Digoxin,2217 Corry Hill
4,Nabumetone,1 Heath Lane
5,ZFLEX,021 Prairieview Way
6,procureFirst Aid Antibio,6541 Longview Drive
7,Cinnamon Spice Antibacterial Foaming Hand Wash,7 Morrow Pass
8,Holiday EleganceFrosted GingerbreFrosted Gingerbre,71 Caliangt Avenue
9,CARBON DIOXIDE,41 Old Shore Trail
10,Curly Dock,86256 Farragut Crossing
11,Technetium Tc99m Generator,75 Pennsylvania Terrace
12,RESCRIPTOR,08 Knutson Street
13,Antibacterial Body Wash,11435 Burning Wood Circle
14,leader nite time,7 Colorado Street
15,Major Thera-Gel Therapeutic,9550 Larry Drive
16,California Black Oak,07388 Shoshone Crossing
17,Butrans,62418 Fuller Avenue
18,Gas Relief,2878 Sage Avenue
19,Dove,7454 Algoma Center
20,LEDUM PAL.,75 Lakewood Hill
21,Salonpas DEEP Relieving,2 Fremont Place
22,Levisticum e rad. 3,8969 Karstens Plaza
23,Hydrocortisone,42494 Onsgard Lane
24,Synthroid,3 Annamark Crossing
25,Lamotrigine,8 Heffernan Road
26,SUN PROTECTION BODY SUNSCREEN BROAD SPECTRUM SPF 30,23 Novick Street
27,Vancomycin Hydrochloride,229 Bonner Court
28,Original Formula Motion Sickness Relief,13100 Corben Crossing
29,Prosacea,02 Lillian Junction
30,Secale Cornutum Kit Refill,153 Jenifer Junction
31,UPSET STOMACH,2895 Loftsgordon Road
32,Warfarin Sodium,049 Jay Pass
33,POLYMYXIN B SULFATE and TRIMETHOPRIM SULFATE,8 Mcbride Avenue
34,vancomycin hydrochloride,4 Orin Terrace
35,"Dextroamphetamine Saccharate, Amphetamine Aspartate, Dextroamphetamine Sulfate, and Amphetamine Sulfate",1572 Onsgard Place
36,Equate Acetaminophen,1742 8th Center
37,CPDA-1,34039 Farmco Park
38,Probenecid and Colchicine,3 Bartelt Way
39,Hydrogen Peroxide,5 Norway Maple Plaza
40,Glyburide,321 Chinook Crossing
41,Modafinil,6 Algoma Court
42,Milk of Magnesia Mint,9163 Towne Drive
43,Night Time Cherry,17 Meadow Ridge Drive
44,Cymbalta,653 Clove Crossing
45,Naproxen,074 Valley Edge Parkway
46,New Skin Bandage,525 Mcguire Crossing
47,Naltrexone Hydrochloride,73 Kennedy Junction
48,Lisinopril,47 Calypso Avenue
49,Market Basket Cold Sore Treatment,1263 Lakewood Gardens Lane
50,Shopko Antibacterial Foaming Hand Sanitizer,1 Artisan Avenue
51,Muscle and Joint,76525 Sloan Drive
52,Buxom Show Some Skin Weightless Foundation Broad Spectrum SPF 30,67123 Havey Crossing
53,Cytarabine,09 Superior Park
54,CD DIORSKIN STAR Studio Makeup Spectacular Brightening with sunscreen Broad Spectrum SPF30 050,5569 Golden Leaf Terrace
55,Sugar Maple,59 Springview Alley
56,Dental plus Whitening,7 Thompson Drive
57,MEDIQUE Loradamed,0763 Dexter Place
58,Loratadine and Pseudoephedrine Sulfate,3 Independence Street
59,Gabapentin,4 Summerview Way
60,Pacific Garden Antibacterial Foam,0 Westridge Avenue
61,Milk of Magnesia Original,54090 Clemons Plaza
62,ANTIBACTERIAL FOAMING,5 Wayridge Pass
63,BANANA BOAT,5966 Elka Junction
64,equaline allergy,560 Towne Trail
65,Vanilla Hand Sanitizer with vitamin E and aloe,6642 Parkside Alley
66,Doans,03 Sheridan Pass
67,Lady Speed INVISIBLE DRY antiperspirant deodorant,73256 Grayhawk Avenue
68,Back and Neck Rescue,4813 Independence Avenue
69,Amazing Grace Antiperspirant and Deodorant,6188 Morningstar Park
70,Fluconazole,079 Westridge Drive
71,ONDANSETRON HYDROCHLORIDE,2942 Lakewood Terrace
72,Premarin,893 Larry Point
73,BISAC-EVAC,3 Independence Trail
74,Elm Mixture,4652 Victoria Terrace
75,diphenhydramine hydrochloride,6572 Grasskamp Place
76,Ondansetron,86 Stang Hill
77,CD DIORSKIN NUDE SKIN-GLOWING MAKEUP SUNSCREEN BROAD SPECTRUM SPF 15 021 Linen,4949 Golf Course Center
78,Fluconazole,422 Lillian Avenue
79,Aruba Aloe Very Water Resistant Sunscreen,9881 Rieder Place
80,SnowSkin Face Sunscreen,5347 Calypso Way
81,Hydrocortisone,4 Welch Alley
82,Allergy Relief,24843 Hovde Place
83,Treatment Set TS129259,822 Old Shore Circle
84,Dallergy,591 Melody Circle
85,Acetaminophen,06 Old Gate Plaza
86,Olanzapine,85 Stone Corner Avenue
87,SYNRIBO,355 Fair Oaks Park
88,XOLIDO,71 Red Cloud Center
89,Dexamethasone sodium phosphate,677 Northridge Center
90,Endo Pure Testos (for Women),17 Saint Paul Avenue
91,Nicorette,67415 Spenser Center
92,Standardized Bermuda Grass Pollen,9826 Pankratz Pass
93,Indole,34 School Street
94,Hydrocodone Bitartrate and Acetaminophen,42946 Mallard Way
95,Low Sugar Cherry Flavor Fishermans Friend Menthol Cough Suppressant,6 Fisk Center
96,Ceramide Lift and Firm Makeup Broad Spectrum Sunscreen SPF 15 Spice,96 Kinsman Trail
97,Isopropyl Alcohol,71 Cascade Drive
98,Doxepin Hydrochloride,79 Westport Parkway
99,California Sycamore,39791 Fallview Parkway
100,Anti Itch,738 Montana Avenue
101,Acyclovir,30 Sommers Place
102,4 Kids Cold n Cough Day and Night Value Pack,86 American Circle
103,HEAD COLD,66 Onsgard Hill
104,Metronidazole,3271 Morrow Way
105,Antibacterial Hand Soap,7573 Charing Cross Park
106,Aspirin,712 Carioca Pass
107,CLE DE PEAU BEAUTE REFRESHING PROTECTIVE I,35 Bluestem Plaza
108,Thalomid,67 Service Center
109,Synthroid,37 Derek Court
110,DR. RECKEWEG R81 Maldol,387 Prairieview Trail
111,Daytime Cold and Flu Relief,4502 Ridge Oak Trail
112,Ranitidine,061 Northview Parkway
113,hemorrhoidal,94 Union Place
114,Effervescent Pain Relief Fast Relief,132 Glacier Hill Lane
115,Body Luxuries French Lavender Antibacterial Hand Sanitizer,0921 Petterle Circle
116,Jantoven,27 Surrey Park
117,Kids Crest,5293 Esch Park
118,Pain Relief PM,755 Veith Street
119,LYCOPODIUM CLAVATUM,76325 Orin Place
120,Valacyclovir Hydrochloride,8 Macpherson Lane
121,Badger SPF 15 Sunscreen Lip Balm,53 Dennis Hill
122,Isoplate,68 Thackeray Road
123,Stool Softener,47 Village Street
124,METOPROLOL SUCCINATE,11527 Almo Plaza
125,ISA KNOX WHITE SYMPHONY AMPULE ESSENCE,9030 Dunning Terrace
126,Metformin Hydrochloride,305 Anhalt Plaza
127,Fiore Rx Antifungal ProPen,494 Vera Crossing
128,Kids Flouride Rinse,5 Starling Alley
129,Topotecan,23577 Clove Way
130,SUN CARE,689 Green Way
131,Oxaliplatin,08495 Dayton Lane
132,Metronidazole,8 Birchwood Place
133,Treatment Set TS348403,50064 Monica Crossing
134,Ampicillin and Sulbactam,11010 Golf Trail
135,Fluocinonide,3 Thackeray Lane
136,Carbamazepine,06501 Burning Wood Plaza
137,Aloe Vesta Clear Antifungal,8 Cascade Junction
138,Catapres,8507 Farwell Circle
139,Hydrocodone Bitartrate And Acetaminophen,3 Larry Lane
140,Isosorbide Dinitrate,1 Gale Pass
141,SEPIA OFFICINALIS,02 Glacier Hill Court
142,Lipitor,5 Monument Terrace
143,Pure Kleen,9959 Dunning Lane
144,pain relief,19 Springs Street
145,Allergy,5226 Scott Hill
146,OPI Personal Care Supplies Instant Foaming Hand Sanitizer Non Alcohol,21068 Bayside Alley
147,Suave Men Sport,87136 Hazelcrest Terrace
148,smart sense infants pain and fever,9257 Pawling Parkway
149,NU-DERM STARTER SET NORMAL-OILY,965 Pond Trail
150,EUCALYPTUS GLOBULUS POLLEN,7 Hazelcrest Place
151,Astelin,5304 Independence Plaza
152,Soft and Dri Clear Glide IS Antiperspirant Powder Soft,53 Pond Crossing
153,DROXIA,6292 Declaration Alley
154,Calcipotriene,6 Twin Pines Drive
155,Foaming Antimicrobial,7261 Spenser Road
156,RYE FOOD,13221 Commercial Center
157,metformin hydrochloride,91 Schlimgen Center
158,St. Ives Blemish and Blackhead Control,4287 Fair Oaks Alley
159,ISOVUE,42 Everett Road
160,Alprostadil,966 Sunfield Circle
161,Trianex,658 Blackbird Alley
162,ropinirole hydrochloride,11083 Sutteridge Circle
163,Tussin Cough Long Acting,4 Merrick Point
164,LBEL Couleur Luxe Rouge Amplifier XP amplifying SPF 15,76707 Carpenter Place
165,Metoclopramide Hydrochloride,86448 Wayridge Road
166,Zaliex Alcohol-Free Antiseptic Hand Sanitizer,73 Forest Run Trail
167,OXYGEN,22297 Thierer Junction
168,Safe Sea Sunscreen With Jellyfish Sting Protective SPF 30,0 Maple Road
169,Ibuprofen,4 Maple Wood Point
170,Navane,27 Southridge Alley
171,PROAIRHFA,044 Mosinee Alley
172,Simvastatin,46048 Artisan Circle
173,Irbesartan,7324 Buena Vista Street
174,Peptic Relief,93584 Columbus Pass
175,Metamucil,80 Red Cloud Junction
176,Gabapentin,11 Lien Junction
177,Bio Galium Phase,855 Clove Plaza
178,Diclofenac sodium and Misoprostol,8523 Helena Hill
179,PDI Alcohol Prep Pad Sterile,4 Eagle Crest Avenue
180,Haloperidol,1345 Hintze Drive
181,Colirio Ocusan,40 Spenser Parkway
182,DOPamine Hydrochloride and Dextrose,82 Glacier Hill Lane
183,OXYGEN,102 Parkside Plaza
184,Motion Sickness,13460 Loomis Trail
185,Risperidone,20 Clemons Terrace
186,Sunright Broad Spectrum SPF 30,1 Harper Trail
187,Simvastatin,21007 Parkside Avenue
188,Zolpidem Tartrate,85373 Elka Crossing
189,Shagbark Hickory,54783 Hansons Court
190,Hydrocodone Bitartrate and Ibuprofen,9 Golf Circle
191,DRONABINOL,9739 Little Fleur Place
192,Clindamycin Hydrochloride,62 Maryland Point
193,Omeprazole,0738 Center Lane
194,Mandarin Nectar Antibacterial Foaming Handwash,7923 Golf Course Court
195,ASP,919 Old Gate Plaza
196,CELTIS OCCIDENTALIS POLLEN,1742 Almo Court
197,FIREFLY Pediatric,7592 Autumn Leaf Place
198,supernatural airbrushed canvas broad spectrum spf 15 sunscreen,58391 Leroy Avenue
199,Divalproex Sodium,09345 Continental Crossing
200,Ibuprofen,20 Forest Dale Place
201,Fludeoxyglucose F 18,82 Kings Avenue
202,NITROGEN,4476 Badeau Center
203,Allergena,416 Brickson Park Street
204,Fentanyl Citrate,62703 Pine View Center
205,Neomycin and Polymyxin B Sulfates and Hydrocortisone,759 Union Road
206,ShopRite Fiber Laxative,619 Kingsford Junction
207,Redroot Pigweed Pollen,72032 Forest Run Terrace
208,Zaroxolyn,433 Dapin Parkway
209,topcare day time cold and flu relief,374 Porter Junction
210,Molds - Mold Mix 4,92925 Gerald Drive
211,ChloraPrep One-Step,121 Waywood Court
212,Famotidine,13583 Pawling Terrace
213,SyGest,72008 Talmadge Street
214,good sense antacid,87 Jana Point
215,Procardia,8527 Gateway Court
216,First Mark,2 Mayer Center
217,Awaken Skin Perfector BB Broad Spectrum SPF 15 Sunscreen Medium Dark,03131 Clyde Gallagher Road
218,Gabapentin,11060 Butternut Alley
219,Spironolactone,0 Corry Hill
220,Gabapentin,2601 Washington Court
221,Citalopram,0 Mariners Cove Junction
222,PREPOPIK,04 Gale Road
223,EZ-Quit,3313 Grim Plaza
224,Western Family,41513 Melby Center
225,Pomegranate Antibacterial Foaming Hand Wash,86266 Glacier Hill Junction
226,Virustat,942 Mcbride Lane
227,Wart Control,99 Bunting Circle
228,Leader Fiber,55 Pepper Wood Trail
229,UV MILD SUN BLOCK,22 Farwell Court
230,DIGOX,3 Mitchell Street
231,Benazepril Hydrochloride,53 Toban Alley
232,Betamethasone Dipropionate,8239 Vernon Lane
233,Aveeno Baby Soothing Relief Diaper Rash,653 Jackson Terrace
234,Cortisone Maximum Strength with Aloe,46 Canary Terrace
235,Warfarin Sodium,9 Clarendon Circle
236,Chantix,95124 Sloan Parkway
237,DAILY DEFENCE SUNSCREEN Broad Spectrum SPF30,9 Northwestern Circle
238,SH18,300 Lakewood Way
239,Simvastatin,101 Huxley Terrace
240,Acyclovir,001 Corben Drive
241,dextroamphetamine sulfate,6891 Eagle Crest Alley
242,Permethrin,73509 Cottonwood Pass
243,UR N-C Urinary Antiseptic,9229 7th Street
244,Amlodipine Besylate,116 Laurel Lane
245,ck one 3-in-1 face makeup,2569 Petterle Crossing
246,Cedar X Formula,9768 Meadow Vale Place
247,HAND AND NATURE SANITIZER,1 Merry Road
248,Skin Delight Mask Pack Plus,42735 Southridge Trail
249,Diphenoxylate Hydrochloride and Atropine Sulfate,2424 Menomonie Street
250,GOODSENSE ADVANCED RELIEF EYE DROPS,3222 Russell Parkway
251,Triamterene and Hydrochlorothiazide,967 Cordelia Plaza
252,Ropinirole Hydrochloride,5495 Gateway Street
253,Rough (Redroot) Pigweed,649 Acker Junction
254,Perphenazine,8 Dixon Drive
255,Nu Pore Acne,2005 Del Sol Road
256,Lymph Rx,50 Lillian Crossing
257,fungoid tincture,5 Cascade Street
258,MECLIZINE HYDROCHLORIDE,82 Ruskin Park
259,Nasal Four,0 Fremont Park
260,Glimepiride,94212 Schmedeman Court
261,miconazole 1,31 Almo Plaza
262,EROS FISTING GEL,7 Warrior Crossing
263,Yves Saint Laurent Le Teint Touche Eclat,055 Nancy Way
264,Giorgio Armani Crema Nera OMC3,3383 Stephen Parkway
265,Ibuprofen,81 Logan Street
266,Select OB,9 Helena Drive
267,Ropinirole Hydrochloride,549 Morning Court
268,Lamotrigine,91 American Circle
269,Fluoxetine,9 Fuller Road
270,Allergy Multi-Symptom,8300 Chive Place
271,Frova,31 Eastwood Center
272,Guardian,8088 Merrick Alley
273,Citalopram,13 Sundown Lane
274,Hydrochlorothiazide,02 1st Circle
275,Sodium Citrate and Citric Acid,7497 Warner Center
276,Antiseptic,019 Village Center
277,AIR,60308 Doe Crossing Park
278,LBEL HYDRATESS,2241 Sugar Drive
279,Tartar Control Plus,97 Linden Plaza
280,Warfarin Sodium,7763 Macpherson Parkway
281,"Butalbital, Acetaminophen and Caffeine",585 Oriole Point
282,Endopath-F,753 Ronald Regan Terrace
283,Rifadin IV,58626 Oak Valley Road
284,Escitalopram,302 Gulseth Avenue
285,Esomeprazole strontium,5202 Coolidge Avenue
286,PPH,59 Tennessee Drive
287,Duloxetine,6356 Lake View Circle
288,MediSoft,56420 1st Terrace
289,JIANZE POVIDONE IODINE SCRUB,61 New Castle Road
290,Midazolam hydrochloride,3090 Barby Trail
291,Renes Cuprum,929 Spohn Road
292,Benzoin Compound Tincture,49 Lighthouse Bay Lane
293,Allergy Rescue,20 Eagan Parkway
294,HYDROCODONE BITARTRATE AND ACETAMINOPHEN,1 Lake View Avenue
295,Medium Beige Foundation SPF 15,32 Maywood Lane
296,Terbinafine Hydrochloride,45 Rutledge Lane
297,Alhua Huogan Pain Relieving Patch,89 Fordem Alley
298,Duloxetine,4 Laurel Trail
299,cough and sore throat,40 Red Cloud Road
300,Coppertone Wet and Clear Kids,51183 Vernon Crossing
301,Paroxetine,1439 Talisman Place
302,Morphine sulfate,92458 Anderson Parkway
303,PREDNISONE,19860 Trailsway Drive
304,Gold Bond,896 Center Way
305,DawnMist Antiperspirant Deodorant,4037 Grover Center
306,Astound Antibac,5 Mccormick Center
307,Cyclobenzaprine Hydrochloride,399 Riverside Circle
308,Pre Menstrual relief,6 Lien Point
309,Prometh with Dextromethorphan,94820 Manley Lane
310,Remedy Skin Repair,50 Park Meadow Pass
311,Provera,78327 Kensington Plaza
312,Pleo Grif,9302 Eastwood Plaza
313,CANDIDA ALBICANS,203 Oak Alley
314,HealthMart Mucus Relief FM,05 Lillian Junction
315,Antacid Antigas,36679 Warbler Junction
316,Amar Petroleum,64 Hanson Avenue
317,"Dextroamphetamine Saccharate, Amphetamine Aspartate Monohydrate, Dextroamphetamine Sulfate and Amphetamine Sulfate",683 Union Plaza
318,Doxorubicin Hydrochloride,95399 Moulton Place
319,Campral,17 Steensland Terrace
320,Indomethacin,8033 Westerfield Alley
321,Levetiracetam,1576 Buell Drive
322,BencoCaine Topical Anesthetic,11 Stuart Parkway
323,Tekturna HCT,846 Messerschmidt Park
324,Enalapril Maleate,83 Cambridge Trail
325,Allergy Eye Relief,543 Del Sol Point
326,Amoeba,78692 Stephen Drive
327,Insomnia,58812 Nova Plaza
328,Lorazepam,539 Sunfield Hill
329,Alprazolam,56 Shoshone Junction
330,Allergy,3879 Boyd Circle
331,West Wheat Grass,43 Commercial Lane
332,PanOxyl,68 Dryden Center
333,lovastatin,882 Eastlawn Park
334,"Carbidopa, levodopa and entacapone",254 Vermont Center
335,BISACODYL,98 Fair Oaks Street
336,TopCare Acid Reducer,0 Kedzie Hill
337,Orphenadrine Citrate,9520 Bartelt Alley
338,Metoprolol Tartrate and Hydrochlorothiazide,916 Becker Place
339,GRx HiCort,81827 Nelson Junction
340,Allergenic Extracts Standardized Mite,8 Center Court
341,Gabapentin,02 Red Cloud Hill
342,Desipramine Hydrochloride,90 Warner Plaza
343,Tricor,29423 Coolidge Alley
344,HYDROXYZINE PAMOATE,47022 Dayton Hill
345,Lac Hydrin,1 Bobwhite Crossing
346,Cabergoline,92101 Mccormick Parkway
347,Luxury Foam Antibacterial,9058 Butternut Point
348,Tretinoin,35994 Pond Court
349,Naproxen,32 Erie Point
350,GloStrips,49 Shasta Alley
351,ESIKA HYDRACOLOR 2 IN 1 HIGHLY MOISTURIZING AND COLORING SPF 25,809 Calypso Terrace
352,Balsam Poplar,07888 Sage Trail
353,Premium Foam Antibacterial,02 Service Circle
354,FUSARIUM OXYSPORUM VASINFECTUM,63 Judy Point
355,Citalopram,1 Pepper Wood Avenue
356,topiramate,372 Mosinee Alley
357,Calcium Disodium Versenate,836 Bayside Lane
358,CEFPODOXIME PROXETIL,51 Pine View Pass
359,good sense pain and fever,79762 Summit Road
360,Spiriva,6 Thierer Point
361,Migraine Relief,00606 Fieldstone Park
362,Malt,0 Meadow Valley Parkway
363,Frankincense and Myrrh Fibromyalgia,7 Straubel Court
364,Vaseline,2 West Park
365,Abstral,8925 Mariners Cove Trail
366,Stibium 0.4,559 Cordelia Avenue
367,Mary Kay Tinted Moisturizer Sunscreen SPF 20 Bronze 1 (Drug Facts),6821 Hazelcrest Drive
368,Sunscreen Baby,17833 Monterey Road
369,GUNA-TF PAPILLOMA,1 Erie Center
370,Melatonin,3 Novick Junction
371,NoblRose Foam Cleanser,55050 Nelson Street
372,Ampicillin and Sulbactam,18 Towne Crossing
373,Tussin Original,151 Coolidge Lane
374,balance-n-brighten,10 Mifflin Alley
375,Antiseptic,973 Merchant Park
376,Promethazine Hydrochloride,8 Nova Alley
377,Naloxone Hydrochloride,0 Pleasure Court
378,Flurbiprofen Sodium,86969 Grover Avenue
379,SERTRALINE HYDROCHLORIDE,46186 Mcbride Pass
380,Dye-Free Wal-Dryl,32586 Kensington Avenue
381,FERROUS SULFATE,5 Lukken Way
382,Metalogin,54291 Crest Line Plaza
383,Constipation Relief,55 Oneill Pass
384,care one calcium antacid,8 Bunker Hill Plaza
385,Kimvent Oral Care Toothbrush pack,0948 Banding Place
386,Simvastatin,80 Arizona Street
387,FENTANYL TRANSDERMAL SYSTEM,0977 Debs Hill
388,FIRST AID Plus More ALCOHOL Prep Pad,71 Coolidge Center
389,ciclodan,29 Judy Circle
390,Ulta Lavender Woods Anti-Bacterial Deep Cleansing,548 Moulton Circle
391,Temazepam,00854 Bay Junction
392,Fluoxetine,72167 Moulton Crossing
393,rexall ibuprofen,0 Hollow Ridge Street
394,Morphine Sulfate,77191 Rutledge Parkway
395,Tacrolimus,53 Cascade Avenue
396,Hepar Stannum 17/20,270 Meadow Vale Lane
397,Olay Complete All Day Moisturizer with Sunscreen,776 Ridgeway Center
398,Valsartan and Hydrochlorothiazide,35378 Goodland Alley
399,Cephalexin,759 Corben Crossing
400,RITUALS broad spectrum SPF 15 sunscreen matt finish foundation SHADE 14,85 Sutherland Circle
401,Premier Value Adult Glycerin,75763 Fairfield Park
402,Sugar Free Cherry Fishermans Friend Menthol Cough Suppressant,090 Melby Plaza
403,GELSEMIUM SEMP,27 Welch Hill
404,Naproxen Sodium,88 Truax Point
405,Allergy Relief,1794 Prairie Rose Hill
406,Sulfamethoxazole and Trimethoprim,32067 Bay Alley
407,Zidovudine,5094 Hollow Ridge Park
408,Bactroban,9 Mockingbird Park
409,Neomycin and Polymyxin B Sulfates and Dexamethasone,68 Larry Place
410,Healing Support,57 Bartelt Trail
411,SODIUM CHLORIDE,44581 Florence Road
412,NAPROXEN,46 Amoth Court
413,Risperidone,8978 Pennsylvania Terrace
414,Flu Relief Therapy Day Time,93365 Golf Place
415,Formulation R,4507 Thompson Place
416,Fexofenadine Hydrochloride,331 Darwin Drive
417,Lamb,9891 Bunker Hill Way
418,METHYLPHENIDATE,4 Brentwood Crossing
419,Malt,6 Washington Road
420,Sunflower Pollen,84709 Alpine Hill
421,Caduet,00 Melvin Alley
422,Cocaine Hydrochloride,4786 Chive Parkway
423,Sufentanil Citrate,5 Surrey Crossing
424,Creamy Beige Expert Finish Makeup Makeup Broad Spectrum SPF 25,65203 Westerfield Circle
425,LenzaGel,10053 Jana Street
426,Lidocaine Hydrochloride,2555 Londonderry Center
427,Escitalopram,0 Reindahl Court
428,Latanoprost,1 Manufacturers Parkway
429,HEADACHE HP,38538 Heath Junction
430,Azithromycin,87 Mosinee Lane
431,Dove Men Clinical Protection Clean Comfort,230 Kinsman Lane
432,venlafaxine,51450 Vermont Center
433,Acetaminophen and Codeine Phosphate,152 Cascade Trail
434,tizanidine,0 Fallview Parkway
435,Horse Epithelia,5 Fairview Parkway
436,Glyburide,7 Darwin Terrace
437,Quetiapine Fumarate,5802 Veith Avenue
438,Olanzapine,6 Holmberg Street
439,Cyclobenzaprine Hydrochloride,45981 Stoughton Court
440,Effervescent Cold Relief,9835 Kedzie Junction
441,NeobryXol Forte,79897 Sycamore Pass
442,Differin,24 Cardinal Trail
443,Neutrogena Rapid Clear Foaming Scrub,9 Annamark Way
444,Pain Relief,305 Bunting Crossing
445,NITROUS OXIDE,21 Birchwood Terrace
446,Loperamide Hydrochloride,9607 Kim Circle
447,Leucovorin Calcium,1 Upham Crossing
448,Divalproex Sodium Delayed Release,77 Springs Point
449,risperidone,10404 Lien Lane
450,Lisinopril,22 Westerfield Pass
451,Ibuprofen,7684 Emmet Way
452,Trazodone Hydrochloride,9 Packers Center
453,CINNAMON,2 Schiller Drive
454,DIBUCAINE,85554 Hallows Road
455,methylphenidate hydrochloride,6336 Eliot Junction
456,Brontuss,0 Chive Park
457,Vigoril Plus,2099 Utah Street
458,ciprofloxacin,20 Melody Center
459,Sertraline Hydrochloride,957 Dottie Pass
460,Acarbose,3 Fisk Alley
461,NOXAFIL,63653 Sage Circle
462,NBE Cool Mint,6235 Moulton Crossing
463,Lisinopril and Hydrochlorothiazide,677 American Ash Place
464,Silicea,1335 Reindahl Park
465,DIORSNOW WHITE REVEAL PURE TRANSPARENCY MAKEUP SPF 30 020 Light Beige,188 Fremont Alley
466,Amlodipine Besylate and Benazepril Hydrochloride,663 Mayfield Parkway
467,Hydroxyzine Pamoate,80598 Dahle Place
468,Thioridazine Hydrochloride,57 Eagle Crest Avenue
469,VERELAN PM,76730 Menomonie Parkway
470,SEROQUEL,5958 Cherokee Alley
471,HOLCUS LANATUS POLLEN,47900 Southridge Park
472,Nifedipine,1 Holy Cross Place
473,BareMinerals,360 Kenwood Junction
474,Barley Grain,627 Esker Pass
475,Metformin Hydrochloride,134 Sundown Terrace
476,OXYGEN,99 Laurel Court
477,Amoxicillin and Clavulanate Potassium,49743 Glacier Hill Junction
478,SYLATRON,42 7th Crossing
479,Ibuprofen,31 Warner Court
480,tizanidine hydrochloride,830 5th Center
481,Diazepam,967 Forest Dale Point
482,OPSUMIT,917 Sycamore Crossing
483,Anti-Bacterial Hand Spray,3947 Mallard Avenue
484,FIREFLY Pediatric,3 Park Meadow Point
485,ESIKA,94 Schmedeman Crossing
486,Alcohol Prep Pad,503 Moland Alley
487,IQUIX,8696 Lunder Avenue
488,Carbogen,6 Eliot Plaza
489,CombiPatch,2 Kenwood Plaza
490,Carvedilol,64 Burning Wood Way
491,Severe Multi-Symptom Cold,812 Manufacturers Way
492,Walnut,387 Blackbird Park
493,Wet Nap,5 Heffernan Terrace
494,Zepaseptic,24595 International Road
495,Irbesartan,22699 Center Point
496,LBel Paris,573 Lotheville Plaza
497,Treatment Set TS348562,6967 Bunting Way
498,babies r us infants ibuprofen,5948 Maple Wood Lane
499,Badger SPF 34 Anti-Bug Sunscreen,1 High Crossing Circle
500,Nystatin,36117 Muir Point
501,Zenzedi,48880 Bartillon Place
502,TRAMADOL HYDROCHLORIDE,1 Chinook Way
503,Triple Antibiotic Plus Pain Relief,04607 Lillian Point
504,Purminerals 4-in-1 14-Hour Wear Foundation Broad Spectrum SPF 15 (DEEP),804 Dayton Terrace
505,Furosemide,2536 Clove Circle
506,EltaMD UV Facial,7 Iowa Parkway
507,Ciprofloxacin,14645 Hazelcrest Parkway
508,VERELAN,99 Graedel Center
509,Equaline tussin,6 Del Mar Circle
510,USANA Lip Moisturizer,7463 Kinsman Park
511,AGELESS Total Rejuvenating Hand,16831 Portage Road
512,Indomethacin,21622 Moose Center
513,PROMETHAZINE DM,555 Village Green Parkway
514,Hydrochlorothiazide,38 Anderson Circle
515,Deb Gold,7070 East Lane
516,Eupatorium comp.,246 Comanche Circle
517,Rimmel London,5837 Kropf Drive
518,Oxygen,4476 Transport Lane
519,"Butalbital, Aspirin, Caffeine and Codeine Phosphate",2320 Linden Avenue
520,Amlodipine Besylate,76 Oak Valley Hill
521,Marvel Iron Man 3 Hand Sanitizer,265 Straubel Junction
522,Toxoplasma Gondii Remedy,342 Longview Plaza
523,Coppertone Sport High Performance Faces,7676 Anthes Pass
524,Denti-Care,1004 Porter Circle
525,Hydrocodone Bitartrate And Acetaminophen,038 Blackbird Road
526,Azithromycin,4 High Crossing Parkway
527,Doxycycline Hyclate,360 Memorial Plaza
528,Athlete s Foot,1 Hagan Avenue
529,Hydrogen Peroxide,45707 Ludington Trail
530,Infected Cuts and Punctures,7789 Lakewood Avenue
531,Good Sense Night Time,3 Waubesa Place
532,Lymphomyosot,9 West Court
533,Oxygen,32 Stuart Avenue
534,Petroleum Skin Protectant,34 Duke Parkway
535,Venlafaxine Hydrochloride,0 Reinke Park
536,Chlorpromazine Hydrochloride,5 Derek Avenue
537,Stool Softener,5 Michigan Drive
538,good sense milk of magnesia,38 Cody Center
539,Losartan Potassium,91 Ohio Point
540,Sure Invisible Solid Fresh Scent,48 Pankratz Alley
541,Octreotide Acetate,6 Northland Place
542,LAMICTAL,6287 Warner Plaza
543,Chloramphenicol Sodium Succinate,44 Daystar Hill
544,INSTANT HAND SANITIZER,17339 Darwin Point
545,Aceon,05944 Novick Point
546,Glyburide and Metformin Hydrochloride,21427 Norway Maple Street
547,Allergy,7 Clarendon Street
548,Sulfamethoxazole and Trimethoprim,7 Golf Course Junction
549,POTASSIUM CHLORIDE IN DEXTROSE,11321 Clove Street
550,Retin-A,8428 Messerschmidt Junction
551,Oxcarbazepine,7 Independence Park
552,Ammonium Lactate,06 Oakridge Drive
553,SAFEWAY,39573 Sachtjen Junction
554,TOPIRAMATE,08630 3rd Place
555,Xyzal,47 Northridge Alley
556,AMOXICILLIN AND CLAVULANATE POTASSIUM,696 Service Pass
557,Witch Hazel,53991 Eagan Hill
558,Lipitor,1 Farragut Street
559,Lidocaine Hydrochloride and Hydrocortisone Acetate,41194 Southridge Terrace
560,Extra Strength Pain Relief Therapy,85 Cherokee Junction
561,WRINKLESS PLUS,345 Golf View Place
562,NICORETTE,828 Esch Pass
563,NiteTime,1 Delladonna Alley
564,MICRONOR,36043 Moland Drive
565,Donepezil Hydrochloride,182 Hoepker Court
566,ethosuximide,42373 Reinke Circle
567,Eight Hour Cream Targeted Sun Defense SPF 50,99 Steensland Junction
568,Pindolol,8954 La Follette Way
569,KETOPROFEN,069 Scott Park
570,VIDEX EC,1092 Gateway Park
571,Paroxetine,24 Shoshone Junction
572,Calcitriol,57745 Morrow Place
573,Green Tetterine,40 Pond Plaza
574,Hydromorphone Hydrochloride,04715 Tony Trail
575,Organic Wear 100% Natural Origin Tinted Moisturizer,87108 Weeping Birch Lane
576,Phenazopyridine Hydrochloride,19843 Dawn Avenue
577,Alcohol Prep,7830 Vera Pass
578,Amoxicillin,4 Homewood Street
579,Captopril,3594 Straubel Road
580,Renes Carbo,02 Warner Parkway
581,SEROQUEL,0065 Claremont Way
582,Kiehls Since 1851 Activated Sun Protector for Face Broad Spectrum SPF 50 Sunscreen,820 Old Shore Park
583,Etodolac,311 7th Drive
584,concentrated aspirin free,7 Sugar Lane
585,Folic Acid,1610 Roth Trail
586,Nevirapine,1 Marcy Drive
587,Midazolam,7254 Dorton Center
588,oxygen,46838 American Terrace
589,Oxybutynin Chloride,8 Bartelt Drive
590,Thioridazine Hydrochloride,72652 Waywood Alley
591,CHANTECAILLE Just Skin Tinted Moisturizer Sunscreen Broad Spectrum SPF 15,853 Lawn Lane
592,Bontril,94755 Trailsway Pass
593,topcare childrens mucus relief multi symptom cold,535 Butterfield Circle
594,COLLAGEN HD MAKE UP BASE,3502 Parkside Pass
595,enema,6 Farragut Parkway
596,BURBERRY FRESH GLOW B.B. LUMINOUS SKIN PERFECTING BEAUTY BALM SUNSCREEN BROAD SPECTRUM SPF 20 FAIR 01,3 Prairieview Junction
597,Brontuss,853 Claremont Plaza
598,Speed Stick,11268 Maple Wood Circle
599,GAMMAGARD,8683 Fisk Place
600,being well antacid,7150 Artisan Road
601,Brioschi Effervescent Antacid,5850 Reindahl Alley
602,Hydrocodone Bitartrate and Acetaminophen,26 Forest Drive
603,healthy accents nighttime cold and flu,4 Morning Lane
604,"Acetaminophen, Phenylephrine Hydrochloride",373 Moulton Drive
605,Budeprion,1995 Blaine Street
606,LBEL EFFET PARFAIT Spots Reducing Effect Foundation SPF 18 - MEDIUM 6,43864 Moulton Drive
607,Fexofenadine hydrochloride,175 North Place
608,BB ANTI-FATIGUE ABSOLUTE SPF 25,47814 Luster Avenue
609,OUT OF THE BLUE SCENTED HAND SANITIZER,715 Holy Cross Lane
610,Zolpidem Tartrate,36 Tony Place
611,Actos,431 Rowland Terrace
612,Megatope,9 Blaine Street
613,MOISTURE RICH FOUNDATION,062 Corben Place
614,Pain Relief PM,95941 Bay Road
615,Daytime Nitetime,70176 Jenifer Terrace
616,JUGLANS REGIA POLLEN,0364 Hallows Terrace
617,Fluoxetine Hydrochloride,54 Grasskamp Lane
618,Emu Essentials Brand Pain Relieving,36 Tennyson Crossing
619,Humulin R,05011 Blackbird Terrace
620,Formaldehyde,01 Declaration Hill
621,Terazosin hydrochloride,5 Summerview Hill
622,jane Be Beautiful,01 East Lane
623,Telmisartan and Hydrochlorothiazide,9 Fulton Junction
624,Ibuprofen,1 Larry Avenue
625,XtraCare Antibacterial Hand Cleanse,58 Huxley Pass
626,Sephora Super Lisseur Rides Age Defy,78 Fisk Court
627,PROVENCE MAKEUP BASE,0 Quincy Street
628,Lactated Ringers and Dextrose,1 Pepper Wood Plaza
629,glimepiride,30 4th Court
630,PLAGENTRA BABY,9 Birchwood Pass
631,Citalopram,46 Carberry Drive
632,Tretinoin,3037 Loftsgordon Court
633,ZOLPIDEM TARTRATE,4719 International Circle
634,HYDROCODONE BITARTRATE AND IBUPROFEN,22 Heffernan Street
635,Good Sense ibuprofen,5547 Summerview Junction
636,No7 Beautiful Skin Day Normal Oily Sunscreen Broad Spectrum SPF 15,73991 Russell Center
637,Amar Petroleum,832 Elgar Pass
638,Odorless Hand Sanitizer Foam,93981 Sachtjen Way
639,Metamucil,453 Twin Pines Crossing
640,"Pollens - Trees, Elm, Chinese Ulmus parvifolia",30477 Grim Plaza
641,Ibuprofen,741 Summerview Point
642,KERA HC Hydrocortisone,207 Larry Way
643,Doxycyclate Hyclate,37 Lerdahl Place
644,OxyContin,6932 Scoville Pass
645,Island Spring Antibacterial Body Wash,236 Manitowish Center
646,Naproxen,655 Hooker Trail
647,Amoxicillin and Clavulanate Potassium,93760 Alpine Pass
648,Lornamead,5935 Melvin Court
649,Degree,38867 Clyde Gallagher Point
650,SPONGIA TOSTA,16 Clarendon Place
651,Bumetanide,2871 Russell Plaza
652,Sweet Gum,7693 Commercial Trail
653,Lovastatin,380 Erie Junction
654,SHISEIDO PERFECT REFINING FOUNDATION,00766 Toban Street
655,Healthy Accents Naproxen Sodium,7427 Westend Plaza
656,Night Time Day Time Cold and Flu,1224 Eggendart Hill
657,Renal Caps,65 Maple Wood Hill
658,Old Spice Red Zone Sweat Defense,868 Village Green Circle
659,GEODON,19 Old Gate Terrace
660,Foundation Primer Plus SPF 15,515 Union Road
661,Signature Body,721 Sloan Way
662,Famotidine,20 Sunbrook Lane
663,Stool Softener,11 Hayes Lane
664,Levetiracetam,11048 Porter Point
665,Phenobarbital,9261 Summerview Point
666,La Roche-Posay Laboratoire Pharmacetique HydraPhase UV Eyes,02 Sutteridge Pass
667,Lisinopril,6 Troy Lane
668,Sumatriptan,192 Nobel Road
669,Cardizem LA,72 Kinsman Park
670,Instant Hand Sanitizer,81 Express Way
671,RIBASPHERE,80438 Longview Alley
672,CALCAREA PHOSPHORICA,103 Pepper Wood Place
673,Isopropyl Alcohol,3651 Maple Wood Trail
674,Nivea A Kiss of Flavor Strawberry Tinted Lip Care,1212 Memorial Trail
675,hemorrhoidal,709 Lillian Avenue
676,Degree,9517 Morrow Trail
677,Virt-Caps,0 Russell Circle
678,Buspirone Hydrochloride,549 David Road
679,Rough Pigweed,14 Dryden Terrace
680,Multitrace -4 Pediatric,88556 Crest Line Way
681,Olanzapine and Fluoxetine,9664 Merchant Park
682,Lansoprazole,66384 Vahlen Road
683,DG Health Cold Head Congestion,38007 Blue Bill Park Hill
684,POLYETHYLENE GLYCOL 3350,569 Russell Place
685,ATORVASTATIN CALCIUM,268 Fair Oaks Terrace
686,EC-Naprosyn,38665 Charing Cross Center
687,Raggedy Ann and Andy,4 Lakewood Gardens Street
688,Keppra,74 Ramsey Place
689,BISAC-EVAC,65 Arapahoe Court
690,Gentamicin,35445 Charing Cross Hill
691,Methylphenidate Hydrochloride,12864 Redwing Street
692,nifedipine,5 Dorton Center
693,Liothyronine Sodium,09446 Vidon Crossing
694,VIPER ACNE BODY WASH,1483 Hudson Lane
695,Miconazole 7,99993 Union Plaza
696,Citalopram,95 Donald Center
697,equate nitetime,363 Ruskin Lane
698,Perform,1373 Colorado Trail
699,BETAMETHASONE VALERATE,318 Dennis Trail
700,Bedside-Care Perineal Wash,4 Kensington Place
701,equaline milk of magnesia,00 Lighthouse Bay Court
702,BOS TAURUS SKIN,50931 Nova Alley
703,Cold Sore Relief,909 Havey Circle
704,Aromafields Tiger Lily Scented Anti-Bacterial Hand,86386 Atwood Place
705,Eucerin Eczema Relief Body,46 Fairfield Plaza
706,DILANTIN,2950 Charing Cross Trail
707,Advil,274 Arkansas Street
708,Oil-Free Acne Cleanser,3041 Derek Pass
709,Ready-to-Use Enema,751 Lighthouse Bay Circle
710,DOLEX,70 Warbler Road
711,Fruit Smoothies,92 Cottonwood Hill
712,Walgreens Chap Aid Moisturizer,133 Park Meadow Plaza
713,Midazolam,0 Jay Court
714,Lyrica,2358 Spenser Court
715,Triple Antibiotic,8 Fairfield Place
716,LBEL EFFET PARFAIT Spots Reducing Effect Foundation SPF 18 - OBSCURE 8C,88100 Monterey Pass
717,Lentil,49245 2nd Circle
718,Montelukast Sodium,4 Shelley Court
719,CARE ONE,46 Northland Crossing
720,Gabapentin,8 Monica Junction
721,Trazamine,64428 Packers Court
722,Pramipexole Dihydrochloride,028 Coolidge Park
723,tizanidine,70279 Erie Plaza
724,CC Cream Daily Correct Broad Spectrum SPF 40 Sunscreen,61423 Pond Park
725,ED A-HIST,7 Sunfield Drive
726,Diovan HCT,28045 Kennedy Drive
727,HAND SANITIZING,6570 Monica Court
728,Eszopiclone,211 Glacier Hill Street
729,FoamFresh Antibacterial Hand Wash,19 Prairie Rose Alley
730,Temovate,622 Mitchell Circle
731,hydrochlorothiazide,978 Porter Court
732,Lorazepam,93187 Talisman Lane
733,Hand Sanitizer Gift Set,97 Orin Parkway
734,Fenofibrate,45959 Rieder Avenue
735,DERMAPROT,7411 Nobel Alley
736,SPONGIA TOSTA,42 Morningstar Way
737,Hydrocodone Bitartrate and Acetaminophen,54 Wayridge Plaza
738,Epsom Salt,9746 Almo Terrace
739,Hydrochlorothiazide,2 Express Terrace
740,Qdryl Allergy,7433 Buhler Alley
741,Cranberry Spice Antibacterial Foaming Hand Wash,77 Forest Center
742,No7 Stay Perfect Foundation Sunscreen SPF 15 New Ivory,4290 Lerdahl Circle
743,Redness reliever,65 Reinke Point
744,Sodium Chloride,323 Milwaukee Junction
745,Hand Sanitizer,984 Bellgrove Junction
746,PURELL Advanced Instant Hand Sanitizer Fragrance Free,1556 Spaight Street
747,Vancomycin Hydrochloride,7 Lunder Pass
748,Muro 128,02884 Little Fleur Street
749,NERVOUSNESS EXCITEMENT,469 Bay Park
750,Aquapick Whitening Bubblepick,80681 Sunfield Alley
751,TERAZOSIN HYDROCHLORIDE,64050 Calypso Alley
752,Amlodipine Besylate,10560 Kings Terrace
753,RED GINSENG FERMENTED EMULSION,06 Park Meadow Lane
754,GFA First Aid Kit Essentials - 33 Pieces,2 8th Pass
755,No7 Stay Perfect Foundation Sunscreen SPF 15 Vanilla,05 Lakewood Gardens Crossing
756,HAWAIIAN Tropic,97804 Briar Crest Alley
757,Eye Itch Relief,34 Almo Pass
758,Spironolactone,2 Carioca Crossing
759,LEVETIRACETAM,216 Mayer Alley
760,TRAZODONE,8 Chive Trail
761,NEUROSPORA INTERMEDIA,32057 Hanson Terrace
762,LAMOTRIGINE,23 Loomis Parkway
763,No Foundation SPF 30,6 Buena Vista Avenue
764,Cephalexin,89 Nevada Alley
765,Less Drowsy Motion Sickness Relief,14 Fisk Circle
766,Reef Safe SPF 45,75 Pearson Circle
767,SunMark All Day Allergy,7185 Texas Junction
768,Multi Sympton Cold Day Night,6312 Boyd Crossing
769,AprilGuard Antiseptic Handrub,0 7th Parkway
770,Couch Quack Grass,54 Carberry Road
771,Adderall,770 Fremont Court
772,up and up miconazole,36629 Briar Crest Crossing
773,PRENATAL PLUS,64 Mallard Crossing
774,Accident - Injury Rescue,86 Comanche Drive
775,shing-Releev,25338 North Junction
776,HYDROCODONE BITARTRATE AND ACETAMINOPHEN,96 Farmco Court
777,FAMCICLOVIR,74 Schurz Trail
778,VITAL,868 Birchwood Terrace
779,ECHINACEA PURPUREA,44 Butterfield Road
780,Bethanechol Chloride,01896 Lyons Crossing
781,Cosyntropin,294 Graceland Circle
782,SODIUM SULFACETAMIDE - SULFUR CLEANSING PADS,48 Ramsey Place
783,EGG YOLK,38821 School Junction
784,MORUS RUBRA POLLEN,425 Steensland Junction
785,Synthroid,799 Hanover Crossing
786,The21 DAYs HAIR NUTRIENT SERUM,36 Alpine Parkway
787,Perrigo Sodium Sulfacetamide and Sulfur,121 Southridge Pass
788,Hydrochlorothiazide,0 Tony Drive
789,Butisol Sodium,54 Jenna Road
790,Pain Relieving,936 Mandrake Avenue
791,TopiCool Pain Relief,9962 Upham Parkway
792,Phisoderm Clear Confidence Daily Gel Face Wash,5445 Columbus Drive
793,VYTORIN,92 Paget Place
794,Pink Peony Antibacterial Foaming Hand Wash,289 Green Way
795,Epitol,348 Huxley Junction
796,Rembrandt Deeply White Plus Peroxide Whitening,9636 Little Fleur Alley
797,Allergy Complex,52 Wayridge Junction
798,Medline Acetaminophen,2970 La Follette Street
799,up and up nicotine polacrilex,0 Anderson Junction
800,Lidocoll,21783 Service Terrace
801,Mylanta Gas,7 Esker Junction
802,Nortriptyline Hydrochloride,0 Merry Center
803,Buspirone Hydrochloride,84 Service Place
804,leader sinus congestion and pain,7 Onsgard Parkway
805,CHAPSTICK LIPSHIELD 365,43 Sunnyside Parkway
806,Coralite Pain Relief,97630 Jenifer Circle
807,"Pollens - Trees, Mesquite, Prosopis juliflora",3067 Fulton Point
808,PAROXETINE,28132 Thierer Road
809,Aller - Tox 11,5 Miller Crossing
810,Morphine Sulfate,2 Victoria Center
811,Coralite ANTIBACTERIAL BANDAGE WITH NON STICK PAD,46203 Florence Terrace
812,flormar REBORN FOUNDATION SUNSCREEN BROAD SPECTRUM SPF 20 SF07 Nude Beige,39 Cordelia Park
813,Longleaf Pine,8 Canary Circle
814,potassium chloride,816 Iowa Parkway
815,ZUSKA,0246 Schmedeman Lane
816,Nicardipine Hydrochloride,56 Loftsgordon Park
817,E.E.S,49367 Pleasure Parkway
818,smart sense pain relief,91 American Ash Court
819,CEFAZOLIN,638 Kenwood Lane
820,Hydrocortisone Maximum Strength,25453 American Ash Place
821,ibuprofen,5897 Johnson Alley
822,Neomycin and Polymyxin B Sulfates and Gramicidin,30795 Butterfield Avenue
823,Reflux,2 Packers Parkway
824,Petroleum,03699 Linden Way
825,Actonel,5681 Havey Junction
826,Trazodone Hydrochloride,112 School Circle
827,EXTRA STRENGTH STOOL SOFTENER LAXATIVE,5 Victoria Junction
828,Lemon Quince Allergy Relief,16544 Sommers Junction
829,CD HydraLife BB Eye Creme Enhancing Sunscreen Eye Illuminator Luminous Beige Broad Spectrum SPF 20,30609 Fordem Pass
830,Quality Choice Cold Sore Treatment,37501 Bluestem Street
831,Sodium Chloride,6 Kingsford Avenue
832,dg health aspirin,227 Farmco Terrace
833,Sennosides and Docusate Sodium,350 Springview Way
834,Alba Very Emollient Sunscreen Lip Care SPF25,46 Arizona Drive
835,B Mold Mixture,10 Farwell Way
836,Triamterene hydrochlorothiazide,685 Thompson Street
837,Quik-Care,29465 Cody Lane
838,Captopril,2908 Magdeline Park
839,Hyperactivity - Mental Focus,1 East Way
840,MEDROXYPROGESTERONE ACETATE,198 Rigney Way
841,Effexor,98 Pond Trail
842,meijer,222 Derek Circle
843,Sertraline Hydrochloride,7 Eastlawn Hill
844,acetic acid,481 Bashford Center
845,Family Dollar Instant Hand Sanitizer with Moisturizers and Vitamin E,99981 Reinke Pass
846,Waterless Anti-Bacterial Hand Cleanser,01 Rutledge Parkway
847,QUALITY CHOICE LUBRICATING EYE DROPS,23 Thompson Junction
848,Everyday Sunscreen Broad Spectrum SPF 50,167 Mariners Cove Place
849,GILDESS FE 1.5/30,19 Merrick Junction
850,Libera Tos,677 Continental Court
851,Irbesartan,06226 Melby Crossing
852,Ibuprofen,5 Swallow Drive
853,Herbion Naturals,65048 Dorton Alley
854,Midazolam,5145 Tennyson Circle
855,Kids Cough and Fever Relief,8 Colorado Alley
856,CareOne Allergy and congestion relief,0 Garrison Center
857,Cyproheptadine Hydrochloride,64 Porter Point
858,Brotapp,780 Banding Road
859,Help I Have a Stuffy Nose,95114 Ridgeview Place
860,Dog Epithelium,404 Fieldstone Junction
861,Bamboo Sap Patch,9 Farwell Trail
862,Sinuforce,7394 Raven Junction
863,Skin Effects by Dr. Jeffrey Dover Glycolic Day,7 Hollow Ridge Lane
864,"Food - Fish and Shellfish, Tuna Thunnus sp.",08024 Valley Edge Point
865,12 hour allergy d,8 Brown Point
866,Entecavir,48928 Ridgeview Hill
867,Nighttime Sleep-aid,6652 Sheridan Way
868,EltaMD UV Daily,91768 Transport Lane
869,Minoxidil,67 Farmco Lane
870,Synthroid,295 Aberg Terrace
871,Hand Cleanse - Ocean Fresh,0 Graedel Center
872,Fragmin,248 Twin Pines Terrace
873,WellPatch Capsaicin Pain Relief,14 Leroy Circle
874,Nasal Relief,86352 Vidon Lane
875,BUPROPION HYDROCHLORIDE,0310 Oriole Place
876,Lithium Carbonate,738 Pleasure Crossing
877,ZOFRAN,70 Lindbergh Place
878,OLANZAPINE,1 Tomscot Street
879,GABAPENTIN,8799 Sachs Alley
880,White Ash Pollen,416 Schurz Road
881,Flector,9194 Sherman Road
882,Aplicare Povidone Iodine Swabstick,05424 Declaration Circle
883,ibuprofen,87 Center Circle
884,Health Mart Calamine,022 Melrose Street
885,Angel Falls Hand Sanitizer,4754 Pierstorff Lane
886,ZERIT,09167 Oakridge Drive
887,Montelukast,64718 Bayside Hill
888,Eszopiclone,517 Petterle Road
889,Desmopressin Acetate,413 Almo Street
890,Fludeoxyglucose,1499 Cody Road
891,Bella Pelle SPF 30,1 Lighthouse Bay Plaza
892,Cladribine,8922 Brentwood Place
893,Gly-Oxide,62 Lawn Road
894,multi symptom cold plus,7 Moland Alley
895,good neighbor pharmacy nicotine,72 Reindahl Street
896,Dopamine Hydrochloride and Dextrose,36 Fieldstone Way
897,AMOXICILLIN,5 Fremont Parkway
898,Valproic Acid,39812 Caliangt Avenue
899,No7 Stay Perfect Foundation Sunscreen SPF 15 Cocoa,12 Forster Circle
900,Hasol Revitalizing,46593 Upham Drive
901,Res-Q Analgesic Topical Pain Relief,3396 Hansons Plaza
902,Phenazopyridine Hydrochloride,05439 Milwaukee Plaza
903,PrameGel,62 Talisman Way
904,Dicloxacillin Sodium,3184 Petterle Road
905,Gentamicin Sulfate,8645 Aberg Court
906,Harmon Face Values Tussin DM,0274 Crest Line Pass
907,Dr. Dream Hydramemory Deep Cleansing,27 Warbler Center
908,Medline ReadyBath Select,0110 Susan Hill
909,Estradiol,32177 Corry Center
910,METOPROLOL SUCCINATE,5137 Eagan Street
911,Phenelzine Sulfate,5957 Chinook Lane
912,Astroton,8861 Forest Dale Parkway
913,White Pine,86886 Eagle Crest Drive
914,Arthritis Joints,23541 Morrow Trail
915,Metoprolol Succinate,4 Sugar Crossing
916,Lorazepam,62087 Fulton Trail
917,Methotrexate Sodium,78595 Lerdahl Lane
918,Rivastigmine Tartrate,39815 Esker Hill
919,Target,8 Butterfield Circle
920,Rompe Pecho,311 Milwaukee Lane
921,Esgic-Plus,2 Arrowood Street
922,OXYGEN,3276 Lerdahl Circle
923,Head and Shoulders Treatment,49 Elka Junction
924,Namenda,92 Hoepker Trail
925,DAY-TIME,029 Sutherland Alley
926,Sertraline Hydrochloride,6 Bellgrove Point
927,Promethazine Hydrochloride,076 Walton Court
928,Megestrol Acetate,40 Bay Avenue
929,Metoclopramide,67923 Nobel Park
930,Version X Scalp Tonic,942 Sherman Hill
931,Fludarabine Phosphate,19289 Thierer Hill
932,Furosemide,30341 Rutledge Junction
933,Metoclopramide,50 Debs Circle
934,Oxygen,0317 Talisman Alley
935,Lovastatin,8916 Menomonie Court
936,No7 Lift and Luminate Foundation Sunscreen Broad Spectrum SPF 15 Cool Ivory,4 Bluejay Crossing
937,SERTRALINE HYDROCHLORIDE,013 Amoth Trail
938,Nifedipine,82238 Spenser Plaza
939,Famotidine,56 Upham Road
940,Clario E2 Antibacterial Foaming Skin Cleanser,9254 Karstens Pass
941,Gabapentin,040 Brown Court
942,Stool Softener,8026 American Hill
943,Simvastatin,19 Knutson Alley
944,Phenytoin Sodium,7998 Goodland Circle
945,Heparin Sodium,39526 Division Court
946,Rite Aid,4 Hovde Lane
947,Tranexamic Acid,978 Northridge Crossing
948,Glytone Clarifying SunVanish with Sunscreen,3 Utah Court
949,Muscle Ice,43329 Chive Point
950,Cold Head Congestion Daytime Non-Drowsy,1 Kim Circle
951,PERCOCET,01 Eagan Pass
952,dg health antacid,63 Bonner Road
953,Levothyroxine Sodium,6572 Di Loreto Point
954,Maximum Strength Pseudoephedrine,6 Carey Place
955,Guaifenesin,51371 Packers Circle
956,Ginger and Lemon Antibacterial Foaming Hand Wash,74228 Daystar Lane
957,Amitriptyline Hydrochloride,93554 Barby Street
958,Haloperidol,379 Lakewood Road
959,OxyContin,73415 Aberg Parkway
960,Lisinopril,3715 Paget Terrace
961,INFUMORPH 500,023 Dixon Road
962,isosorbide mononitrate,482 Stone Corner Lane
963,Erythromycin,03 Garrison Circle
964,Head and Shoulders Conditioner,822 Pleasure Parkway
965,Allergy Relief,5 Ilene Point
966,Burkhart,641 Lakewood Lane
967,Ailanthus,23970 Eastwood Junction
968,Strattera,6300 Hanover Street
969,Benzoin Compound Tincture,154 Drewry Drive
970,Garnier Skin Renew Daily Moisture Anti Sun Damage,86207 Anhalt Parkway
971,SINGULAIR,00519 Haas Hill
972,everyone Hand Sanitizer,764 Hoffman Drive
973,Leader Heartburn Relief,30168 Acker Circle
974,Isosorbide Dinitrate,7 Veith Hill
975,PureVit DualFe Plus,98 Claremont Road
976,Mineral Wear Talc-Free Mineral Liquid Foundation,182 Linden Hill
977,sunmark stomach relief,89139 Almo Center
978,Clean Apple,93 Dorton Avenue
979,UV LOCK FLOWER MILD SUN,01 Holy Cross Parkway
980,Sani-Hands II,4 Mitchell Trail
981,Speed Stick,0 2nd Avenue
982,Amlodipine besylate,6108 Hazelcrest Alley
983,Ketoconazole,66846 Bluejay Street
984,IBUPROFEN AND DIPHENHYDRAMINE HCL,546 Del Mar Alley
985,ABILIFY,4955 Kings Lane
986,mark got the goods,51354 Clyde Gallagher Pass
987,Equaline pain relief,1814 Bunker Hill Trail
988,Instant Hand Sanitizer Candy Apple,634 Claremont Alley
989,Bio Psorinum Phase,30 Bunker Hill Trail
990,Timeless,68871 Pierstorff Crossing
991,Escitalopram,127 Merry Road
992,Oxybutynin Chloride,0079 Sachs Plaza
993,SHISEIDO SHEER AND PERFECT COMPACT (REFILL),43 Hoepker Plaza
994,mupirocin,16 Novick Point
995,Docetaxel,63671 Dwight Road
996,PREMIER VALUE HEMORRHOIDAL,35 Hoard Point
997,Hydrocodone Polistirex and Chlorpheniramine Polisitrex,5 Burning Wood Pass
998,Flexall Pain Relieving,849 Hovde Alley
999,Truvada,7538 Derek Avenue
1000,lisinopril,3400 Sheridan Crossing
