staff_id,staff_first_name,staff_last_name
1,Jamison,Purnell
2,Marsh,Suggitt
3,Borg,Bourgaize
4,Alonzo,Gai
5,Henrie,Hearle
6,Melony,Eastup
7,Mariska,Penhaligon
8,Ula,Renish
9,Timmie,Children
10,Gualterio,Yurikov
11,Irina,Swyn
12,Charmane,Culverhouse
13,Corrina,Gut
14,Casey,Middlehurst
15,Mikel,Egginton
16,Toni,Lount
17,Jory,Mackrell
18,Garvy,Efford
19,Cristobal,Applewhite
20,Willi,Semper
21,Judon,Cartledge
22,Tobi,Gorgl
23,Izaak,Oriel
24,Dagmar,Doumenc
25,Bryce,Fairhall
26,Benoite,Gilkison
27,Conrado,Eckhard
28,Artemas,Readwood
29,Kylen,Littrell
30,Sullivan,Milington
31,Antonia,Christophersen
32,Niel,Chalk
33,Sonnnie,Marklow
34,Piotr,MacCorkell
35,Hesther,Ludmann
36,Jdavie,Minchenton
37,Saba,McIan
38,Jeffy,Checchi
39,Micaela,Ridde
40,Launce,Charlon
41,Ettore,Kempstone
42,Alida,Tzarkov
43,Roslyn,Di Biagi
44,Wally,Melwall
45,Chris,Poundsford
46,Durand,Bernholt
47,Milton,Birdfield
48,Marj,Hacun
49,Ray,Boult
50,Rowen,Monger
51,Angelique,Hulland
52,Shaylah,Doumerque
53,Sheffield,Le Jean
54,Izaak,Moubray
55,Nerta,Broddle
56,Andra,Buckberry
57,Hagen,Ghost
58,Ronalda,Culpan
59,Sasha,Dumbrall
60,Melonie,Sturm
61,Clint,Garrie
62,Keane,Billham
63,Fonz,Fresson
64,Perri,Stiebler
65,Claiborne,Fabbri
66,Rina,Matoshin
67,Guillermo,Cellier
68,Gennifer,Redihalgh
69,Ulises,Syred
70,Deeanne,Makepeace
71,Jarid,Eburne
72,Olivette,Ronci
73,Bat,Mathys
74,Lyndsie,Scallan
75,Leeann,Pound
76,Fredia,Aldus
77,Olag,McCaskell
78,Dar,Seefeldt
79,Palm,Kittow
80,Amalle,Fechnie
81,Clevey,Askam
82,Beltran,Tolland
83,Ber,Blasli
84,Tome,Fulcher
85,Aili,Ingleton
86,Marven,Astlatt
87,Alfonso,Dencs
88,Selina,Casotti
89,La verne,Deeble
90,Germaine,McKennan
91,Broderick,Leindecker
92,Hetty,Calliss
93,Griselda,Redmond
94,Emili,O'Rodane
95,Maddi,Jewell
96,Chevalier,Eliot
97,Perla,Dunsford
98,Annamarie,Cristoferi
99,Nye,Jannex
100,Elbertina,De Nisco
101,Clementina,Sprowson
102,Munmro,Blurton
103,Tammara,Olin
104,Deloria,Greenslade
105,Chelsey,Crass
106,Hyatt,McIntee
107,Marlie,Germann
108,Merissa,Collomosse
109,Carole,Sawell
110,Roddy,Ridler
111,Ileana,Wase
112,Jerrilee,Parkeson
113,Koo,Benns
114,Vivian,Somerset
115,Parnell,Beale
116,Olivier,Rooson
117,Gabriello,Grimble
118,Scotty,Hafford
119,Daryl,Shewring
120,Benji,Steggals
121,Morgen,Chessum
122,Rodge,Maddocks
123,Blinny,Hurle
124,El,Nucciotti
125,Antony,Bootland
126,Kristi,Shakelade
127,Tillie,Cridge
128,Tandie,Morhall
129,Joey,Probate
130,Smitty,Raffin
131,Aubine,Akid
132,Muire,Gillet
133,De witt,Greader
134,Ami,Dudney
135,Tadeas,McGeoch
136,Nikki,Stivens
137,Arluene,Mapletoft
138,Arney,Surplice
139,Page,Yellop
140,Piggy,Marsie
141,Tyler,Felstead
142,Lindy,Enrigo
143,Anna-diane,Dearan
144,Hulda,Langrick
145,Jyoti,Bedford
146,Melva,Daye
147,Blair,Leedes
148,Sharai,Pattle
149,Christine,Spreadbury
150,Nicola,Maccree
151,Ursa,Sictornes
152,Lilah,Hostan
153,Netty,Sparham
154,Rosemaria,Speeding
155,Rayshell,Trippitt
156,Rafi,Blennerhassett
157,Sharron,Skegg
158,Anatole,Jerche
159,Kirstin,Fisbey
160,Terrijo,Yves
161,Rod,Alkin
162,Rosie,Dory
163,Loralie,Coxall
164,Daniele,Whiteman
165,Adi,Balaizot
166,Guillemette,Paz
167,Horatio,Hinz
168,Lannie,Moquin
169,Brenden,Buten
170,Dionis,Booton
171,Jannelle,Staff
172,Ceciley,Sugg
173,Natassia,Brazur
174,Delila,Elsby
175,Rollie,Geeson
176,Enos,Gabriel
177,Anton,Dimitru
178,Lennard,Flooks
179,Mable,Tumilty
180,Christin,Walicki
181,Perl,Wallage
182,Alaric,Jentle
183,Scarface,Brood
184,Lindi,Waggatt
185,Berky,Jaukovic
186,Josey,Charlson
187,Abby,Parcell
188,Adelina,Lendon
189,Celka,Ethelstone
190,Arline,Primmer
191,Barbara,McCurry
192,Marget,Gammidge
193,Noami,McGlynn
194,Forrest,Maxweell
195,Chad,Edlyne
196,Celesta,Krook
197,Hilario,Coveney
198,Kettie,Ciccarelli
199,Roland,Presslie
200,Bertram,Ablett
201,Donn,Aykroyd
202,Marin,Corden
203,Ilaire,Banker
204,Suzy,Schroeder
205,Philip,Ferro
206,Cory,Antoniutti
207,Jacob,Carneck
208,Georgianna,Boise
209,Humbert,Merill
210,Desmond,Basant
211,Eada,Palfrie
212,Dorian,Blew
213,Silvan,Harnor
214,Darwin,Burchett
215,Larine,Dinwoodie
216,Darius,Jaram
217,Cynthia,Calleja
218,Kingston,Byard
219,Carin,Buxton
220,Bink,Washbrook
221,Sabrina,Newbegin
222,Biddy,Curtayne
223,Nata,Purches
224,Alister,Cristofor
225,Lynea,Curgenven
226,Seka,Shellibeer
227,Del,Eddie
228,Melitta,Pillans
229,Laurice,Mighele
230,Belva,Alltimes
231,Korie,McGillacoell
232,Moss,Ofener
233,Jamey,Hewson
234,Malinde,Curnok
235,Tull,Smewing
236,Kaylil,Philippault
237,Shirley,Dene
238,Adlai,Wyborn
239,Adham,Isenor
240,Anabel,Matresse
241,Jacintha,Alebrooke
242,Damon,Dudman
243,Tova,Alldre
244,Roxi,Atack
245,Nichol,Itzchaky
246,Trisha,Truckell
247,Dotty,Orriss
248,Roderick,Joslin
249,Crin,Buddock
250,Nadeen,Rawles
251,Carline,Ridges
252,Boony,Nowakowski
253,Kelcie,Yarrall
254,Bord,Kesley
255,Bentley,Janaway
256,Birch,Mepham
257,Guilbert,O'Criane
258,Noella,Khalid
259,Willi,Thurborn
260,Barron,Haughan
261,Sherye,Ollier
262,Dina,Sorrie
263,Egan,Wraggs
264,Mae,Wheildon
265,Gustavus,Cornuau
266,Fulton,Bankes
267,Marita,Blodg
268,Pavla,Eddicott
269,Alida,Kynsey
270,Elysia,Guest
271,Frans,Shirland
272,Myrtle,Siddaley
273,Austin,Gammell
274,Orelia,Durber
275,Orlan,Halversen
276,Hayward,Trevarthen
277,Idalina,Haith
278,Petronille,Fourman
279,Kitti,Bercher
280,Eran,Shave
281,Heindrick,Hellyar
282,Bernetta,Jaan
283,Rocky,Sutherel
284,Tybalt,MacUchadair
285,Imogen,Faldoe
286,Leann,Odcroft
287,Kasey,Longfield
288,Farand,Beggi
289,Sybilla,Higgonet
290,Araldo,Smalecombe
291,Gilly,Leger
292,Danni,Jime
293,Eliza,Culp
294,Alyosha,Baddam
295,Aldric,De Stoop
296,Kingsly,Fice
297,Stanly,Fensome
298,Ariadne,Tunnadine
299,Antonella,Chevin
300,Luciano,Liggett
301,Tracey,Strugnell
302,Curcio,Hazart
303,Terza,Loody
304,Jocelyne,Moston
305,Maggee,Boustead
306,Killy,Rotchell
307,Ted,Balog
308,Lib,Tunnadine
309,Magda,Comerford
310,Dalenna,Sancroft
311,Lucio,Pankhurst.
312,Lesly,Zecchi
313,Courtnay,Cleobury
314,Correy,Colkett
315,Bancroft,Skym
316,Montgomery,Voller
317,Leonora,Lomas
318,Latia,Gouldie
319,Adrien,Lowrance
320,Waverley,Bartlosz
321,Otho,Althorp
322,Cayla,Grosier
323,Price,Buddle
324,Glyn,Seldon
325,Sandra,Dimblebee
326,Tamera,Taberer
327,Mathilde,Amorts
328,Gerri,Joselin
329,Dan,Kayne
330,Vin,Comettoi
331,Joshia,Woolvin
332,Shirlee,Knevit
333,Milzie,Seid
334,Flossie,Newby
335,Janey,Sommerled
336,Keven,Stute
337,Storm,Rilston
338,Chaddy,Lantuffe
339,Patrice,Crowter
340,Suellen,Gatley
341,Grete,Wissby
342,Edie,Brunsen
343,Hanny,Easen
344,Alverta,D'Orsay
345,Muire,Dawid
346,Pru,Showalter
347,Ingaberg,Upham
348,Bernadina,Furphy
349,George,Bravington
350,Benoit,Roberds
351,Farlee,Clapshaw
352,Rois,Wincom
353,Benyamin,Luckman
354,Albrecht,Stathers
355,Tomasina,Kinkead
356,Ileana,Thompson
357,Emmalynne,Hannant
358,Francoise,Crowder
359,Filia,Rens
360,Beauregard,Lening
361,Lenee,Vosse
362,Gardie,Bullick
363,Megen,Lenton
364,Monica,Dashper
365,Georas,Giovani
366,Ginelle,Vankov
367,Gwendolin,Seater
368,Elvina,Christoffe
369,Dionysus,Della Scala
370,Tabbie,Royse
371,Lockwood,Bateup
372,Bernarr,Weafer
373,Yves,Tolland
374,Carlita,Gorrie
375,Goober,Rymmer
376,Masha,Whittock
377,Harriette,Perrigo
378,Bryan,Ondricek
379,Arabela,Hinners
380,Jillian,Beere
381,Hersh,Raffan
382,Margalit,Kroin
383,Vonnie,Shalcros
384,Noelani,Brundrett
385,Dar,Cullinane
386,Ephraim,Larby
387,Carlin,Adamczyk
388,Jean,Paulson
389,Saraann,Tinline
390,Vonnie,Veschi
391,Helena,Labarre
392,Lars,Grigolashvill
393,Tabbatha,Sheed
394,Del,Shewen
395,Carma,Kettridge
396,Jenn,McCheyne
397,Janel,Grimditch
398,Jacquelynn,Orehead
399,Debor,Ioselevich
400,Alec,Lake
401,Carena,Huckster
402,Maynard,Marty
403,Bel,Cutmore
404,Caleb,Jozsef
405,Kesley,Blowers
406,Madalyn,Whinney
407,Roobbie,Elliff
408,Rosco,Gonsalvo
409,Aeriela,Wessell
410,Edy,Audus
411,Jaynell,Verrico
412,Tyrone,Tresler
413,Donnajean,Chason
414,Farrand,covino
415,Saba,Piesold
416,Guntar,Byrde
417,Cameron,Lardge
418,Filmore,Philipet
419,Gladi,Treversh
420,Jamey,Abbot
421,Penny,Malecky
422,Web,Rickersey
423,Tammara,Coldtart
424,Jinny,Menat
425,Averill,Boykett
426,Cordy,Massenhove
427,My,De Paoli
428,Teressa,Keerl
429,Cele,Shawcross
430,Tandi,Dashkovich
431,Moritz,Josilevich
432,Odell,Murrhardt
433,Constantia,Garrity
434,Troy,Westwater
435,Theodoric,Garlick
436,Emlyn,Bearn
437,Paten,Iacovino
438,Alexia,Ateridge
439,Gladi,Townrow
440,Cyndi,Mazzeo
441,Martina,Caukill
442,Ilene,Cheverton
443,Esme,McKechnie
444,Ardene,Yantsev
445,Kathye,McKeady
446,Feodor,Ruegg
447,Mordy,Roller
448,Welbie,Cuddehay
449,Claudianus,Valens-Smith
450,Ania,Pheazey
451,Tressa,Boick
452,Dru,Medlicott
453,Ax,Croci
454,Caitlin,Luchetti
455,Ewen,Kinzel
456,Camella,Grishunin
457,Anastasia,Cattlemull
458,Meredith,Geerdts
459,Rafaelia,Lordon
460,Benetta,Garton
461,Roch,Montel
462,Julita,Jowle
463,Kendal,Yatman
464,Pippo,Noye
465,Kath,Cater
466,Mick,Thomann
467,Nev,Gallear
468,Alfy,Lyddyard
469,Arney,Empson
470,Mala,Buckenham
471,Zara,Hardway
472,Alicea,Portman
473,Chalmers,Osbourne
474,Tabbi,Bouttell
475,Lynn,Slavin
476,Hillary,Vials
477,Jonie,Scrooby
478,Cammi,Gatrell
479,Gottfried,Belcham
480,Townsend,Sparrowhawk
481,Sidonia,Lamacraft
482,Kinsley,Jorioz
483,Virgie,Berntsson
484,Francesca,Stenet
485,Kettie,Minto
486,Faydra,Rosser
487,Papagena,Meredyth
488,Lew,Brambley
489,Mathew,Kyneton
490,Ferrel,Broadis
491,Nerti,McGourty
492,Tabbi,Tonepohl
493,Conny,Jouanny
494,Candida,Letson
495,Jaine,Campa
496,Elaine,Pepin
497,Albert,Waghorn
498,Vaclav,Hilldrup
499,Joyann,Pabst
500,Renell,Penton
501,Danika,Bickerdyke
502,Kalinda,Millyard
503,Hedda,Branscomb
504,Hewitt,Jaquest
505,Colin,Audrey
506,Tamera,Minette
507,Abdel,Lever
508,Cherye,Fothergill
509,Ralph,Essel
510,Darla,Corro
511,Chanda,Bailess
512,Vonni,Morales
513,Estrella,Collip
514,Ase,Keynes
515,Shawna,Mulvagh
516,Baily,Trazzi
517,Julita,Osbidston
518,Delphine,Jeyes
519,Lucais,Atterley
520,Reilly,Spehr
521,Georgie,Croci
522,Shanna,Shallo
523,Ida,Harner
524,Amity,Waliszewski
525,Helen-elizabeth,Chettoe
526,Lane,Tieman
527,Bevon,Bindin
528,Carmelina,Dunning
529,Winston,Durant
530,Benton,Georgiev
531,Blondie,Ride
532,Valentin,Croxon
533,Maddy,Gilbey
534,Farleigh,Chancellor
535,Omar,Oxtiby
536,Cordula,Genever
537,Ashleigh,Aguirre
538,Jenine,O' Donohoe
539,Maryanne,Arnull
540,Abbot,Sebborn
541,Nonah,Millam
542,Celine,Dupree
543,Guinevere,Toopin
544,Leelah,McFadden
545,Rozalie,Hunday
546,Cecilla,Verson
547,Drusy,Ciccerale
548,Sollie,Harley
549,Harley,Stedman
550,Stephen,Pee
551,Inesita,Lowings
552,Saxon,Ready
553,Martica,Canelas
554,Saundra,Braban
555,Courtnay,Pughe
556,Maynard,Camoys
557,Christos,Seakin
558,Arlee,Rodder
559,Mile,Kolczynski
560,Rusty,Blakey
561,Sal,Relfe
562,Maybelle,Speerman
563,Nicole,Kleinmann
564,Tomaso,Putnam
565,Herculie,Acey
566,Corine,Tulloch
567,Otto,Gonnin
568,Buck,Bows
569,Jillie,Warters
570,Ermin,Durtnal
571,Norrie,Hughill
572,Marguerite,Sygroves
573,Ardath,Von Welden
574,Don,Boniface
575,Rolland,Batrop
576,Carleton,Tunstall
577,Maurita,Drowsfield
578,Raff,Sinkins
579,Bari,Aleavy
580,Holly,Sleit
581,Wynn,Paprotny
582,Jim,Casone
583,Wylie,Seckington
584,Korella,Aire
585,Dud,Pantin
586,Sargent,Bambery
587,Marco,Gravenell
588,Jed,Colenutt
589,Johnathon,Clace
590,Levy,Phelp
591,Guilbert,McPeeters
592,Winnifred,Ilyinski
593,Shena,Tuff
594,Meir,McGruar
595,Cornelia,Venn
596,Artus,Spray
597,Jaynell,Hardington
598,Angie,Course
599,Fitz,Dybell
600,Ainsley,Verbeke
601,Carter,Whiteland
602,Bar,Hallard
603,Merilee,Sachno
604,Etheline,Scott
605,Che,Rawnsley
606,Chelsey,Shillabear
607,Stillman,Stegel
608,Brant,Boggs
609,Sal,MacFadzean
610,Germain,Normant
611,Arvin,Bennallck
612,Yolande,Fawthorpe
613,Puff,Haberjam
614,Willa,Joel
615,Maribel,Wadsworth
616,Alonzo,Jakubovics
617,Ambrosius,Goldney
618,Rolfe,Elsby
619,Saxon,Blacksell
620,Diannne,Oglevie
621,Nancee,Kewish
622,Everett,Landell
623,Thane,Flowers
624,Lorry,Nunson
625,Crysta,Curd
626,Warren,Thickins
627,Luca,Mateuszczyk
628,Milly,Cometti
629,Nonie,Adds
630,Jule,Keeffe
631,Enrico,Caldroni
632,Jamill,Inold
633,Lenette,Crockatt
634,Madella,Standfield
635,Marvin,Draisey
636,Mitchael,Jirasek
637,Melly,Akeherst
638,Jammie,Ollis
639,Dudley,Bromhead
640,Francesca,Adami
641,Salomone,Harrema
642,Letizia,Kells
643,Bentlee,Cosgry
644,Dorotea,Nevins
645,Myles,Stiebler
646,Sallyann,Roobottom
647,Lorelei,Buzin
648,Emmy,Phare
649,Camille,Schlagtmans
650,Abram,Glencross
651,Roderich,Arstall
652,Irvin,Campany
653,Johnnie,De Lacey
654,Kimbell,Ralestone
655,Rozanna,Phettiplace
656,Rickard,Dorsett
657,Elaina,Wrighton
658,Reeva,Stoodley
659,Christiano,Ellicock
660,Editha,O'Dempsey
661,Reynolds,Belfit
662,Jarret,Bridat
663,Gallagher,Brecknall
664,Cameron,Knatt
665,Jonas,Jerrams
666,Lorie,Hodges
667,Flem,Wedderburn
668,Eugenius,Avent
669,Kenny,Torre
670,Devland,Byrne
671,Phylis,Scibsey
672,Ronda,Pattesall
673,April,Ayton
674,Mychal,Murrhardt
675,Judi,Lacroix
676,Dennie,Buche
677,Lenna,Dury
678,Winnie,Hinchon
679,Quinta,Kirsopp
680,Jorey,Gash
681,Janene,De Ath
682,Adela,Cleverley
683,Patrica,Milliken
684,Gianna,Worboy
685,Leoine,Ickovits
686,Isaiah,Frankham
687,Celestia,Van der Merwe
688,Shelby,Butler
689,Dunn,Piola
690,Shell,Verrillo
691,Constantin,Railton
692,Rona,Frodsam
693,Shae,Nials
694,Ali,Kydd
695,Moshe,Borrie
696,Anny,Verrick
697,Fernandina,Artiss
698,Devin,McDavitt
699,Fanni,MacNelly
700,Danika,Paolucci
701,Inglis,Grim
702,Chery,Goshawk
703,Vincents,Scourgie
704,Amery,Tuckley
705,Claiborne,Shortt
706,Benedicto,Weatherhogg
707,Bunny,Tarplee
708,Terrijo,Farrens
709,Betti,Arr
710,Cybill,Feehery
711,Adair,Clewer
712,Margeaux,Sawyers
713,Shoshana,Hargroves
714,Rikki,Kleeman
715,Parker,Maletratt
716,Kelsi,Grassin
717,Nikkie,Egerton
718,Susette,Wadham
719,Debor,Kelmere
720,Evin,Mercer
721,Arni,Landes
722,Gwyn,Kellegher
723,Roch,Kimbrough
724,Cherin,Gettone
725,Glen,Baskerville
726,Sheri,Gladebeck
727,Melba,Goly
728,Durand,Widdecombe
729,Noelani,Ower
730,Mara,Fasset
731,Chevalier,Souch
732,Thom,Berthelmot
733,Hilary,Phebey
734,Emili,McGettigan
735,Shell,Bernhardi
736,Verena,Clyne
737,Jonas,Hacquard
738,Donnell,Elsmore
739,Giacomo,Dwire
740,Antoni,Crabbe
741,Eve,Tomasutti
742,Dianemarie,Giabucci
743,Riannon,Blaney
744,Gregorio,Wattingham
745,Aubry,Wonter
746,Gusta,Delahunt
747,Mauricio,Dukesbury
748,Floyd,Maddison
749,Alfy,Croome
750,Mirna,Merida
751,Kitti,Matusiak
752,Rutger,Doumenc
753,Joye,Calan
754,Retha,Nalder
755,D'arcy,Lahrs
756,Natalee,MacCostye
757,Estel,Mintrim
758,Sarge,Vagg
759,Nolana,Meco
760,Netti,Wike
761,Noelle,Comelini
762,Eduard,Gallifont
763,Shirlee,Plumbridge
764,Devan,Posse
765,Ciro,Petti
766,Romonda,Wraxall
767,Arnie,Willman
768,Parsifal,Chillistone
769,Artemis,Weiner
770,Lucien,Gerg
771,Roshelle,Torri
772,Janos,Wimbridge
773,Aggi,Freestone
774,Adria,Mundwell
775,Faydra,Locke
776,Sutton,Blakelock
777,Brent,Bowell
778,Manon,Eames
779,Efren,O'Corrane
780,Linzy,Doodney
781,Kerwin,Moodie
782,Evita,McReath
783,Elissa,Breakwell
784,Wynn,Kliemchen
785,Alika,Flahive
786,Aaron,Moyne
787,Jefferey,Rowlatt
788,Hernando,Leeming
789,Courtnay,Baudrey
790,Joly,Ollerhad
791,Barbabra,Gearty
792,Madge,Mackness
793,Larine,Haller
794,Sapphire,Shillabeare
795,Erina,MacDiarmond
796,Pansie,Caskie
797,Saraann,Etock
798,Erhard,Kennealy
799,Broddy,Meins
800,Nessy,Kilian
801,Vernen,Clerc
802,Tabbitha,Smallridge
803,Michaelina,McNelly
804,Huntlee,De Roos
805,Cora,Pirouet
806,Dolph,Bracegirdle
807,Walker,Enticknap
808,Derwin,Hand
809,Barnabas,Enoch
810,Otis,Dommerque
811,Lucho,Woodgate
812,Giles,Sorsbie
813,Seward,Tease
814,Curry,Jay
815,Jeramie,Hogbourne
816,Oliy,Mansell
817,Galina,Campe
818,Darla,Tassell
819,Cyb,Zouch
820,Harley,Hamly
821,Norrie,Delph
822,Darnall,Vickarman
823,Win,Pashe
824,Maurene,Pariso
825,Eolande,Backe
826,Charlie,Fidian
827,Roxine,Kennelly
828,Hedwig,Moyne
829,Persis,Swiers
830,Nathanial,Furmedge
831,Maressa,Hanbury-Brown
832,Moore,Bolens
833,Fred,Moores
834,Jania,Axelbey
835,Abel,McGebenay
836,Evangelia,Boss
837,Avigdor,Ellar
838,Latashia,Evenett
839,Gwyn,Heggie
840,Seka,Wisdish
841,Corri,Astbury
842,Mavra,Barbary
843,Brook,Flea
844,Mikel,Jest
845,Orlan,Boom
846,Rogerio,Deave
847,Emmy,Camings
848,Essa,Cathrae
849,Almeria,Stollenwerck
850,Tanhya,Egglestone
851,Tobe,Rushby
852,April,Cheek
853,Essa,Millimoe
854,Mirilla,Sher
855,Westley,Riggey
856,Salvatore,Genders
857,Sabra,McCanny
858,Alvinia,Gorhardt
859,Bren,Simonou
860,Claudine,Carney
861,Normy,Andrat
862,Maxine,Floodgate
863,Angelico,Romera
864,Sadie,Attrey
865,Chelsy,Crutchley
866,Charyl,Yancey
867,Alasdair,Seegar
868,Cherey,Gowar
869,Roxana,Eckly
870,Orazio,Billanie
871,Leigh,Staddon
872,Dallas,Kirsz
873,Stormi,Bolt
874,Mimi,Heinssen
875,Cathlene,Garry
876,Wald,Itzig
877,Kyle,Videler
878,Gregg,Lyenyng
879,Novelia,Paolone
880,Harli,Van Oord
881,Cull,MacDonough
882,Bax,Richfield
883,Marty,Yaus
884,Stearn,Risbridger
885,Allyce,Bridell
886,Mia,Zimmerman
887,Pavla,Rarity
888,Bobbye,Monck
889,Arabel,Askin
890,Franciskus,Speedy
891,Herbie,Ploughwright
892,Ezechiel,Witt
893,Patrice,Madsen
894,Erastus,Crilley
895,Brandea,Poulsom
896,Charles,Somerfield
897,Ralina,Hulmes
898,Normie,Eake
899,Mela,Serfati
900,Saleem,Hastewell
901,Bryanty,Gennerich
902,Jordon,Villiers
903,Davide,Jandourek
904,Bernarr,Mazey
905,Paolo,Olorenshaw
906,Annabel,Hoys
907,Danni,Chatenet
908,Sheilah,Recke
909,Rosco,Meller
910,Gretna,Klejna
911,Maude,Kimbling
912,Addia,Skeeles
913,Briny,Scorah
914,Amalia,Beston
915,Pepillo,Bims
916,Amelia,Kingsworth
917,Filberto,Erwin
918,Cordey,Royste
919,Amandi,Wankel
920,Olive,Mayler
921,Ellen,Braim
922,Emmanuel,Jarrelt
923,Joellyn,Vittery
924,Romy,Ambrosoni
925,Ellary,Andrelli
926,Matty,Spinella
927,Maury,Janssen
928,Karylin,Bendley
929,Teddie,Pogson
930,Bucky,Hryskiewicz
931,Clea,Hambleton
932,Osmond,Odcroft
933,Libby,Vittet
934,Rosalyn,Crellim
935,Elyn,Bartles
936,Nadya,Spering
937,Stacie,Elis
938,Jody,Tumielli
939,Maud,Widdecombe
940,Michelle,Woodyear
941,Modesty,Villa
942,Kevyn,Rosencwaig
943,Sherlock,Carss
944,Greer,Roke
945,Cathi,Roger
946,Deena,Heeney
947,Vannie,Al Hirsi
948,Luke,Bliss
949,Darcey,Shildrick
950,Maure,Affuso
951,Benjamin,Tunstall
952,Pavel,Dovington
953,Ruthy,Aleksic
954,Marcie,Fitzjohn
955,Rabi,Water
956,Kary,Schermick
957,Jaine,Rennocks
958,Barn,Hadigate
959,Rob,Lippatt
960,Umeko,Grabiec
961,Myrna,Lydiatt
962,Aubine,Grastye
963,Ina,Rosellini
964,Gabrila,Rockliffe
965,Lauretta,Abramovic
966,Johan,Thick
967,Banky,Bellin
968,Jeffie,Robert
969,Reine,Hedingham
970,Des,Vaudre
971,Ricky,Eunson
972,Elonore,Causon
973,Chaim,Sturrock
974,Thain,Wandrack
975,Wynn,Galvin
976,Elna,Siggin
977,Munmro,Hince
978,Marchall,Maris
979,Lotti,McClinton
980,Chariot,Medina
981,Aidan,Haward
982,Spencer,Farington
983,Brucie,Sprowle
984,Nikaniki,Killingbeck
985,Johnna,Shewsmith
986,Dehlia,Glazzard
987,Karina,Matanin
988,Merrill,Hassell
989,Sebastian,Earnshaw
990,Veda,Emby
991,Padraic,Curgenuer
992,Melisande,Gors
993,Leanora,Colqueran
994,Jyoti,Tytterton
995,Judy,Laible
996,Butch,Pantecost
997,Ferdie,McGeachie
998,Melodee,Bramont
999,Zarah,Whiterod
1000,Normy,Cobon
